Predict CE 300;Grount truth CE 300
0.518475;0.103962
