Predict CE 300;Grount truth CE 300
0.372262;0.0615066
