Num Epoch;Time;Training error;Training accuracy;Validation error;Validation accuracy
1;229.7580120563507;0.898231907895;0.101768092105;0.834;0.166
2;183.0028259754181;0.840254934211;0.159745065789;0.834;0.166
3;179.50311088562012;0.891858552632;0.108141447368;0.834;0.166
