Num Epoch;Time;Training error;Training accuracy;Validation error;Validation accuracy
1;52.70420598983765;0.890625;0.109375;0.9042;0.0958
2;22.211045026779175;0.875;0.125;0.9042;0.0958
3;22.10261106491089;0.881510416667;0.118489583333;0.9042;0.0958
4;21.907385110855103;0.8828125;0.1171875;0.9042;0.0958
5;22.327960968017578;0.888020833333;0.111979166667;0.9042;0.0958
6;52.67398190498352;0.89453125;0.10546875;0.8998;0.1002
