Num Epoch;Time;Training error;Training accuracy;Validation error;Validation accuracy
1;576.9874970912933;0.706931089744;0.293068910256;0.628;0.372
2;560.3147420883179;0.577178030303;0.422821969697;0.628;0.372
