Num Epoch;Time;Training loss;Training accuracy;Validation loss;Validation accuracy
1;29.194868087768555;1.26889447868;0.53515625;1.24928121269;0.5478515625
2;23.88745903968811;1.23758643866;0.5546875;1.24928121269;0.5478515625
3;30.522490978240967;1.27449440956;0.55078125;1.26760207117;0.5732421875
