Num Epoch;Time;Training loss;Training accuracy;Validation loss;Validation accuracy
1;27.912212133407593;2.31066775322;0.0904947916667;"Tensor(""lstm1l32u/Mean_1:0"", shape=(), dtype=float32)";0.0868
2;16.834485054016113;2.30621957779;0.0904947916667;"Tensor(""lstm1l32u/Mean_1:0"", shape=(), dtype=float32)";0.0868
3;13.790908098220825;2.30179142952;0.0911458333333;"Tensor(""lstm1l32u/Mean_1:0"", shape=(), dtype=float32)";0.0868
4;13.917747020721436;2.29851841927;0.110026041667;"Tensor(""lstm1l32u/Mean_1:0"", shape=(), dtype=float32)";0.0868
5;14.738096952438354;2.29350121816;0.112630208333;"Tensor(""lstm1l32u/Mean_1:0"", shape=(), dtype=float32)";0.0868
6;26.448697090148926;2.28622976939;0.126953125;"Tensor(""lstm1l32u/Mean_1:0"", shape=(), dtype=float32)";0.1458
