Predict CE 300;Grount truth CE 300
0.543768;0.0864372
