Predict CE 300;Grount truth CE 300
0.468006;0.0809291
