Predict CE 300;Grount truth CE 300
0.527908;0.102626
