Num Epoch;Time;Training error;Training accuracy;Validation error;Validation accuracy
1;34.914088010787964;0.904947916667;0.0950520833333;0.9132;0.0868
2;15.041720151901245;0.884114583333;0.115885416667;0.9132;0.0868
3;14.829857110977173;0.8515625;0.1484375;0.9132;0.0868
4;13.396246910095215;0.858072916667;0.141927083333;0.9132;0.0868
5;13.33011794090271;0.821614583333;0.178385416667;0.9132;0.0868
6;32.0549430847168;0.776041666667;0.223958333333;0.7896;0.2104
